Category,Count
character select,266
sm64coopdx,222
sm64ex-coop,181
romhack,131
custom character,107
mario,46
moveset,44
character-select,44
classic,37
fun,35
dynos,35
widdlepets,34
character,31
short,31
custom voice,28
custom caps,27
joke,25
character-pack,25
casual,25
kaizo,23
sonic,22
#romhack,22
custom level,20
tradtional,20
luigi,20
original character,19
gamemode,18
custom moveset,18
voice acted,18
custom model,17
old,17
hard,16
pets,16
pokemon,15
super mario 64,14
star revenge,14
hangout,13
sonic the hedgehog,13
agent x,12
minecraft,11
anime,11
custom animations,11
easy,11
kaze,11
widdlepet,11
utility,10
light kaizo,10
dynos pack,10
game modifier,10
music,10
sm64,10
deltarune,10
cs pack,10
funny,10
sm64ex,10
brodute,10
audio,9
traditional,9
long,9
wario,9
mod,9
crash bandicoot,9
toby fox,9
custom music,9
stars,8
player model,8
waluigi,8
yoshi,8
disney,8
pet,8
arena,7
toad,7
smash,7
undertale,7
custom health meter,7
cute,7
kirby,7
goomba,7
smg4,7
pvp,7
qol,7
star,6
mariohunt,6
bowser,6
challenge,6
bowser moveset compatible,6
roblox,6
custom icon,6
pizza tower,6
touhou,6
meme,6
legacy,6
hud,6
coin,6
vanilla,6
wpets,6
retro,6
#long,6
extension,5
competitive,5
coins,5
custom hud,5
custom star,5
peach,5
characterselect,5
donkey kong,5
mega man,5
homestuck,5
homestuck beyond canon,5
custom cap,5
skin,5
gore,5
custom coloring,5
custom sounds,5
custom,5
character moveset,5
challenging,5
spooky,5
lincrash,5
#short,5
major,5
#easy,5
map,4
addon,4
game mode,4
animation,4
playstation,4
animal crossing,4
skinpack,4
joke mod,4
bomberman,4
cs comp - iconic duo,4
recolorability,4
palette preset,4
crash team racing,4
ctr,4
mario & luigi,4
horrorbrew,4
mega man x,4
green,4
custom power meter,4
nintendo,4
paper mario,4
creepypasta,4
commission,4
super mario world,4
earthbound,4
splatoon,4
halloween,4
enjoyable,4
ganbare goemon,4
challenges,4
#fun,4
medium,4
#classic,4
odyssey,4
beta,3
blocks,3
kart,3
mario kart,3
chat,3
chaos,3
library,3
video game,3
silly,3
antonball,3
antonball deluxe,3
daisy,3
customcharacter,3
birdo,3
shitpost,3
sans,3
family guy,3
garn47,3
cat,3
fast,3
horror,3
crash,3
crash tag team racing,3
cttr,3
christmas,3
archive,3
mario and luigi,3
custom palette,3
nes,3
n64,3
preset palette,3
umamusume,3
tenna,3
ff7,3
epic,3
trashcam,3
youtube,3
ytp,3
little witch academia,3
witch,3
louie,3
original,3
penguin,3
mother,3
super mario galaxy,3
super mario sunshine,3
pikmin,3
peppino,3
vtuber,3
skeleton,3
modernization,3
voice,3
light,3
gui,3
game mode competition 2024,3
goemon,3
star road,3
tool,3
lugmillord,3
crossover,3
minihack,3
ost,3
music pack,3
only-up-64,3
thelegendofzenia,3
major-hack,3
adventure,3
#joke,3
animations,2
game mode levels,2
asterix,2
astérix le gaulois,2
beatblocks,2
kaizo-ish,2
blue,2
collaboration,2
#small,2
door-bust,2
celeste,2
api,2
coco bandicoot,2
cheat,2
cheats,2
mods,2
#speed,2
custom gui,2
weapon,2
a minecraft movie,2
steve,2
control swap,2
randomizer,2
coop,2
minigame,2
warioware,2
model's resource,2
a hat in time,2
antonblast,2
animalcrossing,2
sonic oc,2
adult swim,2
characters,2
rosalina,2
sega,2
cool,2
wario land,2
shantae,2
#bomb,2
papyrus,2
fuga: melodies of steel,2
costume,2
car,2
legend of zelda,2
el chavo,2
el chavo del ocho,2
banjo,2
m&l,2
cuphead,2
tf2,2
arcade,2
movie,2
ps1,2
puyo,2
dudaw12,2
dragonball,2
goku,2
rayman,2
fnaf,2
spamton,2
half-life,2
half-life 1,2
half-life 2,2
fnf,2
friday night funkin,2
yakuza,2
beer,2
madness combat,2
geoexe,2
gwain-saga,2
smiling friends,2
super smash bros.,2
pauline,2
youtube poop,2
zelda,2
bandainamco,2
iloveyuri,2
mario85,2
looney tunes,2
pizza_tower,2
meggy,2
i'm,2
dinossaur,2
snes,2
cs comp,2
moushley,2
resident evil,2
omori,2
custom stars,2
love toghether,2
nana on-sha,2
parappa the rapper,2
custom anim,2
gustavo,2
the noise,2
koopa,2
oc-mod,2
shy guy,2
blj,2
terminalmontage,2
weirdo,2
vinesauce,2
yoshi's island,2
salt,2
srb2,2
smw,2
swimming,2
taco-stand,2
collector,2
transgender,2
underworld,2
modpack,2
holiday,2
village,2
vl_luigi,2
amy,2
wapeach,2
render96,2
#template,2
platforming,2
coordinates,2
debug,2
#medium,2
#jump,2
mystical ninja,2
camera,2
fix,2
flood,2
machinima,2
flood mod,2
mario sunshine,2
possess,2
scary,2
roleplay,2
maps,2
difficult,2
management,2
tt64,2
texture pack,2
textures,2
shine,2
komodo brothers,2
resources,2
madness,2
mechnical,2
desert,2
moderation,2
new,2
troll,2
nsmb,2
toadette,2
chicken,2
cube,2
plush,2
port,2
somari,2
organization,2
mario kart ds,2
star display,2
lost,2
majorhack,2
super mario 74,2
#major,2
#casual,2
#movement,2
galaxy,2
warp,2
soundtrack,2
campaign,1
king,1
king the memer,1
sonic like,1
testing,1
announcer,1
castle,1
capture the flag,1
ctf,1
epic mario galaxy reference,1
unreal tournament,1
awesome to the max,1
ball,1
frustrating,1
object spawner,1
team,1
robot 64,1
blue's clues,1
gauntlet,1
evil,1
test,1
box,1
world,1
phys3,1
bb-death,1
boss,1
brutal,1
sound,1
cappy,1
omm rebirth,1
difficulty,1
instant death,1
no cannons,1
no caps,1
no coins,1
berry,1
dash,1
strawberry,1
dialog,1
bubble chat,1
chat bubble,1
toa,1
checkpoint,1
teleport,1
building,1
commands,1
coin requirement modifier,1
#coin,1
first person,1
comin in hot,1
ground pound,1
minecraft movie,1
the minecraft movie,1
iron mario,1
microgame,1
2017x,1
greenpeppersonpizza,1
television,1
emmy the robot,1
annnie,1
audie animal crossing,1
monica animal crossing,1
antasma,1
graffiti art,1
aqua teen,1
aqua teen hunger force,1
athf,1
cartoon network,1
assassin,1
skinswap,1
baby,1
baby daisy,1
baby peach,1
baby rosalina,1
jetsetradio,1
alien,1
ben 10,1
ben10,1
rath,1
bendy,1
bender,1
comedy central,1
fox,1
futurama,1
hulu,1
big the cat,1
biker,1
garlic,1
look guys look,1
bill cipher,1
gravity falls,1
annie,1
anton,1
anton blast,1
dynamite annie,1
dynamite anton,1
blaziken,1
bob,1
bob's burgers,1
bobs burgers,1
burger,1
bolo,1
fuga,1
bribbleco,1
bucky,1
shipwrecked 64,1
aura,1
lucario,1
poke,1
ssbu,1
victini,1
zeraora,1
brian,1
brian griffin,1
carl wheezer,1
crusty,1
carl johnson,1
grand theft auto,1
san andreas,1
charizard,1
chick,1
stew,1
alvin,1
arthur,1
grinch,1
hhgregg,1
munkshroom,1
snowking,1
whitey,1
blue archive,1
chibi,1
conker,1
rare,1
case closed,1
conan,1
detective conan,1
connie,1
dr.reflex,1
eddiegourmand,1
furret,1
jeremy,1
morshu,1
neco-arc,1
neighbor,1
popeye,1
daft punk,1
cloisteredconnoisewer,1
dagger,1
darkwing duck,1
duo,1
cream the rabbit,1
jumpman,1
stanley,1
dogman,1
character pack,1
tadc,1
donald,1
donald duck,1
donkey kong jr,1
donkey kong junior,1
cosmic sheriff,1
date of birth,1
dob,1
hudson,1
planet dob,1
dbz,1
vegeta,1
boshi,1
tonic-trouble,1
von clutch,1
eggplant man,1
dragon ball,1
fighterz,1
elora,1
elora the faun,1
spyro,1
spyro 2,1
spyro the dragon,1
blood,1
femtanyl,1
push ur t3mprr,1
token,1
bonnie,1
chica,1
endoskeleton,1
fazbear,1
foxy,1
freddy,1
all father,1
exe m,1
executable m,1
mario.exe,1
floragato,1
plant,1
cloud,1
cloud strife,1
final fantasy,1
mike,1
vanessa,1
cowboy,1
cavern of dreams,1
dragon,1
fynn,1
fuuka,1
g-man,1
gmod,1
ocs,1
mewgenics,1
garfield,1
hates mondays,1
lasagna,1
cog,1
helldivers,1
odst,1
quagmire,1
girlfriend,1
gnarpian,1
gnarpy,1
regretevator,1
goose,1
majima,1
awesome,1
edition,1
greeny,1
mickey,1
mouse,1
grunt,1
letter,1
saltydkdan,1
tell him i said hi,1
the letter h,1
elphelt,1
faust,1
guilty gear,1
strive,1
heavy,1
steam,1
team fortress 2,1
cold,1
ice,1
homer,1
homer simpson,1
simpsons,1
hollow knight,1
silksong,1
chicken-run,1
eustace-bagge,1
gromit,1
hank-hill,1
homer-simpson,1
hugh-neutron,1
spongebob,1
wallace,1
woody,1
in stars and time,1
alpharad,1
jaidenanimations,1
jeffy,1
sml,1
jenny,1
jenny wakeman,1
mlaatr,1
my life as a teenage robot,1
nick,1
nickelodeon,1
jigglypuff,1
pokemon stadium,1
banjo-kazooie,1
jinjo,1
furry,1
joker,1
gojo,1
jjk,1
jujutsu-kaisen,1
kagamine,1
len,1
rin,1
vocaloid,1
voicelines,1
goth,1
tekken,1
chameleon,1
animal crossing new horizons,1
animal crossing wild world,1
kiki,1
kiki animal crossing,1
cdi,1
king harkinian,1
king penguin,1
mario movie,1
klonoa,1
koopa kid,1
mario party,1
#kurachan,1
#latam,1
kura,1
paraguay,1
kos-mos,1
monolisoft,1
xenoblade,1
xenosaga,1
birb,1
kwi,1
djoslin0,1
excoop,1
keeb,1
demon,1
lego,1
cringe,1
lesbian,1
tumblr,1
barbara,1
diana,1
hannah,1
lobster,1
amanda,1
constanze,1
jasminka,1
akko,1
atsuko,1
lotte,1
sucy,1
ho-oh,1
lugia,1
ly'lac,1
lylac,1
kangaroo,1
konami,1
powah bombah,1
power bomberman,1
lycanroc,1
2bdamned,1
deimos,1
hank,1
sanford,1
tricky,1
madeline,1
undertale yellow,1
marvin the martian,1
maurice,1
megumin,1
daredevil,1
deadpool,1
hulk,1
marvel,1
spiderman,1
venom,1
wolverine,1
meina,1
owl,1
door,1
inc.,1
monsters,1
watching,1
wazowski,1
you,1
midna,1
metal sonic,1
munchakoopas,1
rerendered,1
xluigigamerx,1
yuyake,1
mouser,1
doug,1
ken,1
lucas,1
ness,1
ninten,1
mr virtual,1
mx85,1
mymelody,1
sound effects,1
murder drones,1
kuromi,1
my melody,1
mymelodyxkuromi,1
sanrio,1
nago,1
cnk,1
crash nitro kart,1
nash,1
nina,1
nina smell,1
noob,1
uff!,1
doremi,1
ori,1
believe,1
dog,1
pup,1
pasadena,1
pasadena o'possum,1
pepsiman,1
peter shorts,1
petey piranha,1
newgrounds,1
phil eggtree,1
riddle school,1
peter griffin,1
pik,1
pik-pak,1
pikmin 2,1
pikmin 3,1
pikmin 4,1
olimar,1
president,1
abandoned by disney,1
corruptus,1
five nights at treasure island,1
fnati,1
mickey mouse,1
photo-negative mickey,1
slimebeast,1
pinstripe potoroo,1
plok,1
pepperman,1
pizza,1
the vigilante,1
the_noise,1
vigilante,1
marshal,1
peanut,1
pac,1
pac-man,1
pacman,1
noisette,1
proto man,1
orange juice,1
globox,1
dry bones,1
commissions,1
rat,1
glover,1
animal friends,1
coo,1
coo the owl,1
dream land,1
kine,1
kine the fish,1
rick,1
rick the hamster,1
reclusa,1
kill la kill,1
ryuko,1
scissor blade,1
littlebigplanet,1
metroid,1
samus aran,1
freelance police,1
max,1
sam,1
sam and max,1
blue border,1
gex,1
scott,1
scott the woz,1
woz,1
sephiroth,1
scatman,1
scatman john,1
bruh,1
dead,1
man,1
slippy,1
slippy toad,1
star fox,1
star fox 64,1
super mario rpg,1
cs comp - indie struggles,1
sage,1
bones,1
dante,1
skelly,1
speedrunner mario,1
enemy,1
gator,1
creep,1
doesntbelonghere,1
freak,1
dub,1
dubbing,1
sponge,1
star with shoes,1
cartman,1
kenny,1
kyle,1
south park,1
stan,1
experiment 626,1
lilo & stitch,1
stitch,1
guy,1
sugar,1
monsters inc,1
pixar,1
sulley,1
snorkeling,1
swimwear,1
swiss,1
swiss elysi,1
remodel,1
sombrero,1
sonic r,1
tails,1
off,1
the batter,1
icon,1
the collector,1
the owl house,1
ct_himself,1
you're_not_exactly_my_favorite_either...,1
gamescage,1
twitch,1
iwbtg,1
rage,1
tokotoko,1
birdekek,1
how to train your dragon,1
toothless,1
thanksgiving,1
turkey,1
fallout,1
vault-boy,1
villager,1
2008,1
cjes_luigi,1
amy rose,1
vriska,1
vriska maryam lalonde,1
vrissy,1
cheese,1
hatsune miku,1
miku,1
starwars,1
smb2,1
wart,1
weegee,1
by weezer,1
pinkerton,1
pinkerton by weezer,1
gameplay changes,1
wii fit,1
wii fit trainer,1
yiffany,1
yiffany longstocking lalonde harley,1
yiffy,1
dantewill,1
yosi,1
yosicube,1
k-on,1
death link,1
deathlink,1
#dackage,1
day-night-cycle,1
dnc,1
dodgeball,1
dodgebomb,1
excellentgamer,1
dynamic,1
palette,1
amelia,1
avery,1
braixen,1
mr. l,1
piplup,1
sly cooper,1
midbus,1
environment tint,1
drench game,1
squid game,1
earthworm jim,1
explode,1
explosion,1
ebisumaru,1
fish and chips,1
eureka,1
bug,1
football,1
soccer,1
lua,1
nsmbwii,1
levels,1
recording,1
spectate,1
flood expanded,1
hide,1
seek,1
sandbox,1
greenscreen,1
screen,1
gun-mod,1
xmas,1
hangout-map,1
restaurant,1
house,1
savetate,1
deluxe,1
hide and seek,1
rewrite,1
course,1
frogger,1
obstacle,1
skill,1
hl1,1
hl2,1
impersonation,1
crossover already happened in smash,1
fall guys,1
assist,1
release,1
save,1
savestate,1
savestates,1
state,1
jimmer,1
2009,1
better textures,1
kaktus,1
kaktus pack,1
packtus,1
fonts,1
resource,1
sprites,1
texture,1
komodo joe,1
komodo moe,1
easter,1
he is risen,1
tutorial,1
#king,1
#revenge,1
sweet,1
gangnam style,1
translate,1
lowpoly,1
link,1
comet,1
little,1
red-coins,1
worlds,1
ldd,1
#luigi,1
demo,1
sm74,1
floatingisles,1
mystic,1
purple,1
colorful,1
mario size,1
indigo island,1
portals,1
dreamscape,1
odyseey,1
powermoons,1
collection,1
dantdm,1
minimap,1
secretlevel,1
behaviours,1
encore,1
encore mode,1
mirror,1
mulan,1
bgm,1
c418,1
tracks,1
taunts,1
nathanial bandy,1
narrator,1
patch,1
#poorlumade,1
bad,1
night-mode,1
18+,1
adult,1
adults,1
age,1
best mod of the year,1
verification,1
noclip,1
m64,1
octagon,1
obélix,1
slide,1
foremanspike,1
#fly,1
#longjump,1
omega,1
oswald the lucky rabbit,1
painting,1
penelope pussycat,1
extra-chars,1
hardcore,1
one life,1
perma death,1
permadeath,1
yolo,1
among us,1
sus,1
boombox,1
boxy boy,1
parappa,1
cheese the chao,1
hitsingle,1
chao,1
knuckles,1
rose,1
lava chicken,1
widdle,1
geometry,1
geometry dash,1
galoomba,1
goombud,1
fang-the-plush,1
fang-the-sniper,1
gamecube,1
mips,1
doll,1
hobonichi,1
rpg,1
shield,1
squeak,1
noah,1
noah pet,1
noah pets,1
noahtubestudios,1
npc,1
propeller-fly-guy,1
blob,1
puyopuyo,1
chiikawa,1
tamagotchi,1
autism,1
tbh,1
yippie,1
terraria,1
deep cut,1
off the hook,1
squid sisters,1
pokepets,1
torchic,1
wayne,1
wolf,1
big,1
android,1
devices,1
icons,1
mobile,1
player list,1
hunt,1
prop,1
prophunt,1
#coop template team,1
drenchy,1
prox-chat,1
october,1
pumpkin,1
german,1
quicksand,1
all acts,1
co-op,1
coordination,1
quickplay,1
records,1
speedrun,1
star list,1
time attack,1
announcement,1
messages,1
notifications,1
rideable yoshi,1
chicken gun,1
rooster,1
rudy,1
obby,1
command,1
level,1
salt map,1
saltmap,1
saul,1
rupee,1
rupees,1
dice,1
roll,1
rtd,1
the,1
#saul,1
sasuke,1
details,1
sharen,1
mini mario,1
shrink mario,1
#kick,1
cutscene,1
beach,1
bluestars,1
chaotic,1
sapphire,1
#toadstool,1
edit,1
remastered,1
shining stars,1
boo,1
secretstars,1
tomatorbird,1
nostalgia,1
python,1
town,1
trouble,1
trouble-town,1
brothership,1
sm3dw,1
smb1,1
art,1
paint,1
sprays,1
you got a graffiti soul,1
voting,1
star-revenge,1
spotify,1
remake,1
act select,1
sms,1
starcheck,1
stardisplay,1
chained,1
good,1
vanilla edit,1
extreme,1
flowercup,1
#dlc,1
paintings,1
#fun #easy #casual,1
#funny,1
#kaizo,1
#not fun,1
#single-level,1
strange,1
secret,1
moonshine,1
timemachine,1
races,1
green comet,1
painful,1
pinkstars,1
newstars,1
tamkis,1
mario-kart,1
shell-rush,1
smk,1
mysticisles,1
sunshine,1
#long #medium #notfun,1
beginer,1
friendly,1
zones,1
2012,1
fares242,1
omm-compatible,1
galactic journey,1
secrets.romhack,1
#vortex,1
2025,1
zone,1
mayro,1
road,1
maze,1
april-fools,1
garbage,1
trash,1
freeze tag,1
infection,1
tag,1
remix,1
smg,1
smg2,1
#peak,1
#ticking time bomb,1
#wormy,1
donkey kong country returns,1
tiki tak tribe,1
levelpack,1
#cap,1
nil,1
triangle,1
cartoon,1
titeuf,1
uranium,1
sm64ds,1
wanted,1
race,1
sims 2,1
weather,1
weather-cycle,1
woon,1
yae,1
wega,1
yume nikki,1
